Protein,Homologene UID,Knockout essentiality,Expression level,Expression breadth,Interaction degree,Betweeness centrality,References (PMIDs),Domain,Amino acids,dN/dS,Reactions,Dynamical influence
Akt1,3785,essential,4254.182488,0.567876316,169,0.008506372,20027184,PH,14-121,0.01398,Net_Akt_Activation,0.904900713
Akt1,3785,essential,4254.182488,0.567876316,169,0.008506372,20027184,kinase,194-455,0.00668,,
C-raf,48145,essential,84.8879007,0.287857607,112,0.003937133,20674547,C2,254-270,0.02863,,
C-raf,48145,essential,84.8879007,0.287857607,112,0.003937133,20674547,RBD,56-132,0.02277,Net_Raf_Activation,0.709860772
C-raf,48145,essential,84.8879007,0.287857607,112,0.003937133,20674547,kinase,373-630,0.00862,Net_MEK_Activation,0.653616655
EGF,1483,non-essential,101.4741867,0.060037777,14,0.000142198,,EGF,1056-1096,0.23851,"EGF_Binding_to_ErbB1, EGF_binding_to_E1PT",0.118176955
EGFR,74545,essential,118.3997451,0.087538456,235,0.014125996,10966463,EGF binding,"65-179, 372-494",0.09282,"EGF_Binding_to_ErbB1, EGF_binding_to_E1PT",0.118176955
EGFR,74545,essential,118.3997451,0.087538456,235,0.014125996,10966463,c-terminal,1036-1234,0.16444,"Net_E11PGrb2_binding, Net_E11PRasGAP_binding, Net_E11PShc_binding, Net_E11PTP1B_Binding, Net_E11_Phosphorylation, Net_E12PGrb2_binding, Net_E12PRasGAP_binding, Net_E12PShc_binding, Net_E12PTP1B_Binding, Net_E12_Phosphorylation, Net_E13Grb2_Binding, Net_E13PI3K_Binding, Net_E13PTP1B_Binding, Net_E13RasGAP_Binding, Net_E13Shc_Binding, Net_E13_Phosphorylation, Net_E14Grb2_Binding, Net_E14PI3K_Binding, Net_E14PTP1B_Binding, Net_E14RasGAP_Binding, Net_E14Shc_Binding, Net_E14_Phosphorylation, Net_E1_ST_Phosphorylation, Net_E_E1_ST_Phosphorylation",0.133931268
EGFR,74545,essential,118.3997451,0.087538456,235,0.014125996,10966463,dimerization,194-351,0.05748,"ErbB1ErbB2_Heterodimerization, ErbB1ErbB3_Heterodimerization, ErbB1ErbB4_Heterodimerization, ErbB1_Dimerization",0.423890484
EGFR,74545,essential,118.3997451,0.087538456,235,0.014125996,10966463,kinase,720-1036,0.01827,"Net_E11_Phosphorylation, Net_E12_Phosphorylation, Net_E13_Phosphorylation, Net_E14_Phosphorylation, Net_RasGAP_Phosphorylation, Net_Shc_Phosphorylation",0.182575891
Erbb2,3273,essential,,,66,0.001359994,"19038249, 18765831, 7518560",c-terminal,1004-1338,0.17538,"Net_E12PGrb2_binding, Net_E12PRasGAP_binding, Net_E12PShc_binding, Net_E12PTP1B_Binding, Net_E12_Phosphorylation, Net_E23PGrb2_binding, Net_E23PPI3K_binding, Net_E23PRasGAP_binding, Net_E23PShc_binding, Net_E23PTP1B_Binding, Net_E23_Phosphorylation, Net_E24PGrb2_binding, Net_E24PPI3K_binding, Net_E24PRasGAP_binding, Net_E24PShc_binding, Net_E24PTP1B_Binding, Net_E24_Phosphorylation, Net_E2_ST_Phosphorylation",0.124276275
Erbb2,3273,essential,,,66,0.001359994,"19038249, 18765831, 7518560",dimerization,"196-356, 571-618",0.07,"ErbB1ErbB2_Heterodimerization, ErbB2ErbB3_Heterodimerization, ErbB2ErbB4_Heterodimerization",0.347806544
Erbb2,3273,essential,,,66,0.001359994,"19038249, 18765831, 7518560",kinase,725-1004,0.01996,"Net_E12_Phosphorylation, Net_E23_Phosphorylation, Net_E24_Phosphorylation, Net_RasGAP_Phosphorylation, Net_Shc_Phosphorylation",0.161226333
Erbb3,20457,essential,1028.467811,0.406800741,32,0.000861711,"19038249, 18765831, 7518560",c-terminal,1184-1547,0.17842,"Net_E13Grb2_Binding, Net_E13PI3K_Binding, Net_E13PTP1B_Binding, Net_E13RasGAP_Binding, Net_E13Shc_Binding, Net_E13_Phosphorylation, Net_E23PGrb2_binding, Net_E23PPI3K_binding, Net_E23PRasGAP_binding, Net_E23PShc_binding, Net_E23PTP1B_Binding, Net_E23_Phosphorylation, Net_E34PGrb2_binding, Net_E34PPI3K_binding, Net_E34PRasGAP_binding, Net_E34PShc_binding, Net_E34PTP1B_Binding, Net_E34_Phosphorylation",0.187902949
Erbb3,20457,essential,1028.467811,0.406800741,32,0.000861711,"19038249, 18765831, 7518560",dimerization,"389-538, 752-798",0.12347,"ErbB1ErbB3_Heterodimerization, ErbB2ErbB3_Heterodimerization, ErbB3ErbB4_Heterodimerization",0.703757419
Erbb3,20457,essential,1028.467811,0.406800741,32,0.000861711,"19038249, 18765831, 7518560",ligand-binding,"260-373, 558-680",0.03036,HRG_Binding_to_ErbB3,0.311399367
Erbb4,21084,essential,74.85379825,0.389290684,37,0.000733341,"19038249, 18765831, 7518560",c-terminal,1014-1481,0.05463,"Net_E14Grb2_Binding, Net_E14PI3K_Binding, Net_E14PTP1B_Binding, Net_E14RasGAP_Binding, Net_E14Shc_Binding, Net_E14_Phosphorylation, Net_E24PGrb2_binding, Net_E24PPI3K_binding, Net_E24PRasGAP_binding, Net_E24PShc_binding, Net_E24PTP1B_Binding, Net_E24_Phosphorylation, Net_E34PGrb2_binding, Net_E34PPI3K_binding, Net_E34PRasGAP_binding, Net_E34PShc_binding, Net_E34PTP1B_Binding, Net_E34_Phosphorylation, Net_E44PPI3K_binding, Net_E44PRasGAP_binding_1, Net_E44PRasGAP_binding_2, Net_E44PShc_binding, Net_E44PTP1B_Binding, Net_E44_Phosphorylation, Net_E4_ST_Phosphorylation, Net_H_E4_ST_Phosphorylation",0.102602765
Erbb4,21084,essential,74.85379825,0.389290684,37,0.000733341,"19038249, 18765831, 7518560",dimerization,"220-370, 583-633",0.02202,"ErbB1ErbB4_Heterodimerization, ErbB2ErbB4_Heterodimerization, ErbB3ErbB4_Heterodimerization, ErbB4_Homodimerization",0.258944023
Erbb4,21084,essential,74.85379825,0.389290684,37,0.000733341,"19038249, 18765831, 7518560",kinase,735-1014,0.00439,"Net_E14_Phosphorylation, Net_E24_Phosphorylation, Net_E34_Phosphorylation, Net_E44_Phosphorylation, Net_RasGAP_Phosphorylation, Net_Shc_Phosphorylation",0.153311202
Erbb4,21084,essential,74.85379825,0.389290684,37,0.000733341,"19038249, 18765831, 7518560",ligand-binding,"90-203, 392-514",0.03142,"HRG_Binding_to_ErbB4, HRG_binding_to_E4PT",0.170271482
Erk,37670,essential,3902.459432,0.509443384,191,0.008870317,,kinase,31-869,0.00643,"ERK_binding_to_MEKstar_1, ERK_binding_to_MEKstar_2, ERKstar_binding_to_Phosphatase, ERKstar_dephosphorylation, ERKstar_production, Net_E1_ST_Phosphorylation, Net_E2_ST_Phosphorylation, Net_E4_ST_Phosphorylation, Net_E_E1_ST_Phosphorylation, Net_Gab1_ST_Phosphorylation, Net_H_E4_ST_Phosphorylation, Net_SOS_ST_Phosphorylation, pERK_binding_to_Phosphatase, pERK_dephosphorylation, pERK_production",0.542198707
Gab1,1542,essential,326.823972,0.493128241,35,0.00019804,21935523,PH,4-116,0.04965,Net_Gab1PIP3_binding,1.60905E-05
Gab1,1542,essential,326.823972,0.493128241,35,0.00019804,21935523,c-terminal,116-727,0.09871,"Gab1_binding_to_SigGO, Grb2_binding_to_P3_A, Net_Gab1PI3K_binding, Net_Gab1RasGAP_binding, Net_Gab1Shc_binding, Net_Gab1_ST_Phosphorylation, Net_Grb2Gab1_binding, Net_Shc_Phosphorylation",0.110469537
Grb2,1576,essential,297.1049447,0.115384647,675,0.064063325,"19323566, 18279888",SH2,58-151,0.01174,"Net_E11PGrb2_binding, Net_E12PGrb2_binding, Net_E13Grb2_Binding, Net_E14Grb2_Binding, Net_E23PGrb2_binding, Net_E24PGrb2_binding, Net_E34PGrb2_binding, Net_E44PRasGAP_binding_1, Net_ShcGrb2_binding",0.045837255
Grb2,1576,essential,297.1049447,0.115384647,675,0.064063325,"19323566, 18279888",SH3,"2-55, 160-214",0.00572,"Gab1_binding_to_SigGO, Grb2_binding_to_P3_A, Net_Grb2Gab1_binding, Net_Grb2SOS_binding, PTP1B_binding_to_SigAP, SOS_binding_to_SigAG, SOS_binding_to_SigGA",0.052953458
Hrg,8509,essential,119.753957,0.206047776,7,8.47795E-06,7721889,extracellular,29-315,0.25501,"HRG_Binding_to_ErbB3, HRG_Binding_to_ErbB4, HRG_binding_to_E4PT",0.216776519
Mek,2063,essential,1606.587219,0.602320513,49,0.000796282,,kinase,205-601,0.01244,"ERK_binding_to_MEKstar_1, ERK_binding_to_MEKstar_2, ERKstar_production, Net_MEK_Activation, pERK_production",0.484890517
Mkp3,55621,non-essential,1775.885341,0.598789908,5,6.66152E-05,9596579,PTP,207-346,0.0036,"ERKstar_dephosphorylation, pERK_dephosphorylation",0.59757528
Mkp3,55621,non-essential,1775.885341,0.598789908,5,6.66152E-05,9596579,RHO,16-149,0.03056,"ERKstar_binding_to_Phosphatase, pERK_binding_to_Phosphatase",0.451330047
Pik3ca,21249,essential,311.8283489,0.232248467,38,0.000596485,"19091745, 11136978",C2,385-552,0.03799,,
Pik3ca,21249,essential,311.8283489,0.232248467,38,0.000596485,"19091745, 11136978",RBD,214-353,0.00212,,
Pik3ca,21249,essential,311.8283489,0.232248467,38,0.000596485,"19091745, 11136978",kinase,780-1177,0.0045,Net_PIP3_Production,0.002270711
Pik3r1,7889,essential,803.9545259,0.586708448,235,0.008982049,22009150,SH2,"334-432, 652-765",0.01126,"Net_E13PI3K_Binding, Net_E14PI3K_Binding, Net_E23PPI3K_binding, Net_E24PPI3K_binding, Net_E34PPI3K_binding, Net_E44PPI3K_binding, Net_Gab1PI3K_binding",0.294242427
Ptp1b,2119,non-essential,2322.189305,0.412068091,42,0.000539779,8940134,PRR,322-338,0.07127,"Net_E11PTP1B_Binding, Net_E12PTP1B_Binding, Net_E23PTP1B_Binding, Net_E24PTP1B_Binding, Net_E34PTP1B_Binding, Net_E44PTP1B_Binding, PTP1B_binding_to_SigAP",0.54388796
Ptp1b,2119,non-essential,2322.189305,0.412068091,42,0.000539779,8940134,phosphatase,17-300,0.03216,"Net_E11_Phosphorylation, Net_E12_Phosphorylation, Net_E13_Phosphorylation, Net_E14_Phosphorylation, Net_E1_ST_Phosphorylation, Net_E23_Phosphorylation, Net_E24_Phosphorylation, Net_E2_ST_Phosphorylation, Net_E34_Phosphorylation, Net_E44_Phosphorylation, Net_E4_ST_Phosphorylation, Net_E_E1_ST_Phosphorylation, Net_H_E4_ST_Phosphorylation, Net_RasGAP_Phosphorylation",0.325050051
Ras,37990,essential,2491.603902,0.41569717,16,0.000178811,,Ras-like,153-316,0.01142,"Net_Raf_Activation, Net_RasGTP_Production",0.436949012
RasGAP,2168,essential,3229.175273,0.672353265,70,0.000970888,17540168,GAP,870-1068,0.02696,Net_RasGAP_Phosphorylation,0.064405419
RasGAP,2168,essential,3229.175273,0.672353265,70,0.000970888,17540168,SH2,"290-383, 460-552",0.02366,"Net_E11PRasGAP_binding, Net_E12PRasGAP_binding, Net_E13RasGAP_Binding, Net_E14RasGAP_Binding, Net_E23PRasGAP_binding, Net_E24PRasGAP_binding, Net_E34PRasGAP_binding, Net_E44PRasGAP_binding_2, Net_Gab1RasGAP_binding",0.042677948
Shc1,7934,essential,1220.781469,0.538294351,149,0.003617758,18279888,CH1,374-527,0.12997,Net_ShcGrb2_binding,6.78201E-06
Shc1,7934,essential,1220.781469,0.538294351,149,0.003617758,18279888,PTB,184-351,0.02515,Net_Gab1Shc_binding,8.69864E-06
Shc1,7934,essential,1220.781469,0.538294351,149,0.003617758,18279888,SH2,527-621,0.02324,Net_E11PShc_binding,3.28746E-06
Shc2,19127,,88.27784179,0.187194672,5,1.93338E-06,12006576,CH1,339-530,0.08959,Net_Shc_Phosphorylation,0.091812782
Shc2,19127,,88.27784179,0.187194672,5,1.93338E-06,12006576,SH2,530-622,0.02575,"Net_E12PShc_binding, Net_E13Shc_Binding, Net_E14Shc_Binding, Net_E23PShc_binding, Net_E24PShc_binding, Net_E34PShc_binding, Net_E44PShc_binding",0.021984279
Sos1,4117,essential,52.97791124,0.240154093,53,0.000691435,"17515907, 7673108",GEF,1202-1470,0.01023,Net_RasGTP_Production,0.331136096
Sos1,4117,essential,52.97791124,0.240154093,53,0.000691435,"17515907, 7673108",PRR,1617-2033,0.03127,"Net_Grb2SOS_binding, Net_SOS_ST_Phosphorylation, SOS_binding_to_SigAG, SOS_binding_to_SigGA",0.494197308
